INSERT INTO SLOPE (COD_SLOPE, MIN_SLOPE, MAX_SLOPE, ORIGIN)
VALUES (1, 0, 10, 'C');
INSERT INTO SLOPE (COD_SLOPE, MIN_SLOPE, MAX_SLOPE, ORIGIN)
VALUES (2, 10, 360, 'C');
INSERT INTO SLOPE (COD_SLOPE, MIN_SLOPE, MAX_SLOPE, ORIGIN)
VALUES (3, -0.5, 0, 'S');
INSERT INTO SLOPE (COD_SLOPE, MIN_SLOPE, MAX_SLOPE, ORIGIN)
VALUES (4, 0, 10, 'S');
INSERT INTO SLOPE (COD_SLOPE, MIN_SLOPE, MAX_SLOPE, ORIGIN)
VALUES (5, 10, 22.5, 'S');
INSERT INTO SLOPE (COD_SLOPE, MIN_SLOPE, MAX_SLOPE, ORIGIN)
VALUES (6, 22.5, 37.5, 'S');
INSERT INTO SLOPE (COD_SLOPE, MIN_SLOPE, MAX_SLOPE, ORIGIN)
VALUES (7, 37.5, 360, 'S');

INSERT INTO DEVICES (COD_DEVICE, DEV_BRAND, DEV_MODEL, DEV_TYPE, UNITARY_VALUE, UNITARY_VAL_DESC, AUX_VALUE, AUX_DESC,
                     WAR_YEARS, INT_LITERAL)
VALUES (1, 'YINGLI', 'YL260P-29B', 'PANEL', 0.26, 'kWp PER PANEL', NULL, NULL, 10, 'COD_MOD_YL260P_29B');
INSERT INTO DEVICES (COD_DEVICE, DEV_BRAND, DEV_MODEL, DEV_TYPE, UNITARY_VALUE, UNITARY_VAL_DESC, AUX_VALUE, AUX_DESC,
                     WAR_YEARS, INT_LITERAL)
VALUES (2, 'INGETEAM', 'INGECON SUNLITE 3TL', 'INVERTER', 3.0, 'kW INVERTER', NULL, NULL, 5, 'COD_MOD_SUN_3TL');
INSERT INTO DEVICES (COD_DEVICE, DEV_BRAND, DEV_MODEL, DEV_TYPE, UNITARY_VALUE, UNITARY_VAL_DESC, AUX_VALUE, AUX_DESC,
                     WAR_YEARS, INT_LITERAL)
VALUES (3, 'INGETEAM', 'INGECON SUN STORAGE 1 PLAY 3TL', 'INVERTER', 3.0, 'kW INVERTER', 2.5,
        'kW INVERTER POWER FOR THE BATTERIES', 3, 'COD_MOD_SUN_ST_3TL');
INSERT INTO DEVICES (COD_DEVICE, DEV_BRAND, DEV_MODEL, DEV_TYPE, UNITARY_VALUE, UNITARY_VAL_DESC, AUX_VALUE, AUX_DESC,
                     WAR_YEARS, INT_LITERAL)
VALUES (4, 'INGETEAM', 'INGECON SUNLITE 6TL', 'INVERTER', 6.0, 'kW INVERTER', NULL, NULL, 5, 'COD_MOD_SUN_6TL');
INSERT INTO DEVICES (COD_DEVICE, DEV_BRAND, DEV_MODEL, DEV_TYPE, UNITARY_VALUE, UNITARY_VAL_DESC, AUX_VALUE, AUX_DESC,
                     WAR_YEARS, INT_LITERAL)
VALUES (5, 'INGETEAM', 'INGECON SUN STORAGE 1 PLAY 6TL', 'INVERTER', 6.0, 'kW INVERTER', 5.0,
        'kW INVERTER POWER FOR THE BATTERIES', 3, 'COD_MOD_SUN_ST_6TL');
INSERT INTO DEVICES (COD_DEVICE, DEV_BRAND, DEV_MODEL, DEV_TYPE, UNITARY_VALUE, UNITARY_VAL_DESC, AUX_VALUE, AUX_DESC,
                     WAR_YEARS, INT_LITERAL)
VALUES (6, 'INGETEAM', 'INGECON SUNLITE 2,5TL', 'INVERTER', 2.5, 'kW INVERTER', NULL, NULL, 5, 'COD_MOD_SUN_2_5_TL');
INSERT INTO DEVICES (COD_DEVICE, DEV_BRAND, DEV_MODEL, DEV_TYPE, UNITARY_VALUE, UNITARY_VAL_DESC, AUX_VALUE, AUX_DESC,
                     WAR_YEARS, INT_LITERAL, COD_TYPE_DEV)
VALUES (7, 'GNB SONNENSCHEIN', 'PC12-180 FT', 'BATTERY', 2.16, 'kWh BATTERY', 0.4,
        'PERCENTAGE/BDD-BATTERY DISCHARGE DEPTH/ACID-LEAD', 2, 'COD_MOD_PC12_180_FT', 'COD_BATT_ACID_LEAD');

INSERT INTO DEVICE_GROUP (COD_DEV_GROUP, COD_PANEL, NUM_PANEL, COD_INV, NUM_INV, COD_BATT, NUM_BATT)
VALUES (1, 1, 12, 2, 1, NULL, NULL);
INSERT INTO DEVICE_GROUP (COD_DEV_GROUP, COD_PANEL, NUM_PANEL, COD_INV, NUM_INV, COD_BATT, NUM_BATT)
VALUES (2, 1, 12, 3, 1, 7, 5);
INSERT INTO DEVICE_GROUP (COD_DEV_GROUP, COD_PANEL, NUM_PANEL, COD_INV, NUM_INV, COD_BATT, NUM_BATT)
VALUES (3, 1, 26, 4, 1, NULL, NULL);
INSERT INTO DEVICE_GROUP (COD_DEV_GROUP, COD_PANEL, NUM_PANEL, COD_INV, NUM_INV, COD_BATT, NUM_BATT)
VALUES (4, 1, 24, 5, 1, 7, 10);
INSERT INTO DEVICE_GROUP (COD_DEV_GROUP, COD_PANEL, NUM_PANEL, COD_INV, NUM_INV, COD_BATT, NUM_BATT)
VALUES (5, 1, 8, 6, 1, NULL, NULL);
INSERT INTO DEVICE_GROUP (COD_DEV_GROUP, COD_PANEL, NUM_PANEL, COD_INV, NUM_INV, COD_BATT, NUM_BATT)
VALUES (6, 1, 5, 6, 1, NULL, NULL);
INSERT INTO DEVICE_GROUP (COD_DEV_GROUP, COD_PANEL, NUM_PANEL, COD_INV, NUM_INV, COD_BATT, NUM_BATT)
VALUES (7, 1, 12, 6, 3, NULL, NULL);
INSERT INTO DEVICE_GROUP (COD_DEV_GROUP, COD_PANEL, NUM_PANEL, COD_INV, NUM_INV, COD_BATT, NUM_BATT)
VALUES (8, 1, 24, 6, 3, NULL, NULL);

INSERT INTO AZIMUTH (COD_AZIMUTH, INI_POINT, END_POINT)
VALUES (1, -15, 15);
INSERT INTO AZIMUTH (COD_AZIMUTH, INI_POINT, END_POINT)
VALUES (2, -45, -15);
INSERT INTO AZIMUTH (COD_AZIMUTH, INI_POINT, END_POINT)
VALUES (3, 15, 45);
INSERT INTO AZIMUTH (COD_AZIMUTH, INI_POINT, END_POINT)
VALUES (4, -75, -45);
INSERT INTO AZIMUTH (COD_AZIMUTH, INI_POINT, END_POINT)
VALUES (5, 45, 75);
INSERT INTO AZIMUTH (COD_AZIMUTH, INI_POINT, END_POINT)
VALUES (6, -105, -75);
INSERT INTO AZIMUTH (COD_AZIMUTH, INI_POINT, END_POINT)
VALUES (7, 75, 105);
INSERT INTO AZIMUTH (COD_AZIMUTH, INI_POINT, END_POINT)
VALUES (8, -135, -105);
INSERT INTO AZIMUTH (COD_AZIMUTH, INI_POINT, END_POINT)
VALUES (9, 105, 135);
INSERT INTO AZIMUTH (COD_AZIMUTH, INI_POINT, END_POINT)
VALUES (10, 135, 180);
INSERT INTO AZIMUTH (COD_AZIMUTH, INI_POINT, END_POINT)
VALUES (11, -180, -135);

INSERT INTO SITUATION_DESCRIP (COD_SIT_DESC, SIT_DESCRIPTION)
VALUES (1, 'Slope 30 - Azimuth 0 South');
INSERT INTO SITUATION_DESCRIP (COD_SIT_DESC, SIT_DESCRIPTION)
VALUES (2, 'Slope 15 - Azimuth 0 South');
INSERT INTO SITUATION_DESCRIP (COD_SIT_DESC, SIT_DESCRIPTION)
VALUES (3, 'Slope 45 - Azimuth 0 South');
INSERT INTO SITUATION_DESCRIP (COD_SIT_DESC, SIT_DESCRIPTION)
VALUES (4, 'Slope 30 - Azimuth -30 Southeast');
INSERT INTO SITUATION_DESCRIP (COD_SIT_DESC, SIT_DESCRIPTION)
VALUES (5, 'Slope 15 - Azimuth -30 Southeast');
INSERT INTO SITUATION_DESCRIP (COD_SIT_DESC, SIT_DESCRIPTION)
VALUES (6, 'Slope 45 - Azimuth -30 Southeast');
INSERT INTO SITUATION_DESCRIP (COD_SIT_DESC, SIT_DESCRIPTION)
VALUES (7, 'Slope 30 - Azimuth -60 Southeast');
INSERT INTO SITUATION_DESCRIP (COD_SIT_DESC, SIT_DESCRIPTION)
VALUES (8, 'Slope 15 - Azimuth -60 Southeast');
INSERT INTO SITUATION_DESCRIP (COD_SIT_DESC, SIT_DESCRIPTION)
VALUES (9, 'Slope 45 - Azimuth -60 Southeast');
INSERT INTO SITUATION_DESCRIP (COD_SIT_DESC, SIT_DESCRIPTION)
VALUES (10, 'Slope 30 - Azimuth -90 East');
INSERT INTO SITUATION_DESCRIP (COD_SIT_DESC, SIT_DESCRIPTION)
VALUES (11, 'Slope 15 - Azimuth -90 East');
INSERT INTO SITUATION_DESCRIP (COD_SIT_DESC, SIT_DESCRIPTION)
VALUES (12, 'Slope 45 - Azimuth -90 East');
INSERT INTO SITUATION_DESCRIP (COD_SIT_DESC, SIT_DESCRIPTION)
VALUES (13, 'Slope 30 - Azimuth -120 Northeast');
INSERT INTO SITUATION_DESCRIP (COD_SIT_DESC, SIT_DESCRIPTION)
VALUES (14, 'Slope 15 - Azimuth -120 Northeast');
INSERT INTO SITUATION_DESCRIP (COD_SIT_DESC, SIT_DESCRIPTION)
VALUES (15, 'Slope 45 - Azimuth -120 Northeast');
INSERT INTO SITUATION_DESCRIP (COD_SIT_DESC, SIT_DESCRIPTION)
VALUES (16, 'Slope 30 - Azimuth 180 North');
INSERT INTO SITUATION_DESCRIP (COD_SIT_DESC, SIT_DESCRIPTION)
VALUES (17, 'Slope 15 - Azimuth 180 North');
INSERT INTO SITUATION_DESCRIP (COD_SIT_DESC, SIT_DESCRIPTION)
VALUES (18, 'Slope 45 - Azimuth 180 North');

INSERT INTO SIMPFD_SITUATIONS (COD_AZIMUTH, COD_SLOPE, COD_SIT_DESC)
VALUES (1, 3, 1);
INSERT INTO SIMPFD_SITUATIONS (COD_AZIMUTH, COD_SLOPE, COD_SIT_DESC)
VALUES (2, 3, 1);
INSERT INTO SIMPFD_SITUATIONS (COD_AZIMUTH, COD_SLOPE, COD_SIT_DESC)
VALUES (3, 3, 1);
INSERT INTO SIMPFD_SITUATIONS (COD_AZIMUTH, COD_SLOPE, COD_SIT_DESC)
VALUES (4, 3, 1);
INSERT INTO SIMPFD_SITUATIONS (COD_AZIMUTH, COD_SLOPE, COD_SIT_DESC)
VALUES (5, 3, 1);
INSERT INTO SIMPFD_SITUATIONS (COD_AZIMUTH, COD_SLOPE, COD_SIT_DESC)
VALUES (6, 3, 1);
INSERT INTO SIMPFD_SITUATIONS (COD_AZIMUTH, COD_SLOPE, COD_SIT_DESC)
VALUES (7, 3, 1);
INSERT INTO SIMPFD_SITUATIONS (COD_AZIMUTH, COD_SLOPE, COD_SIT_DESC)
VALUES (8, 3, 1);
INSERT INTO SIMPFD_SITUATIONS (COD_AZIMUTH, COD_SLOPE, COD_SIT_DESC)
VALUES (9, 3, 1);
INSERT INTO SIMPFD_SITUATIONS (COD_AZIMUTH, COD_SLOPE, COD_SIT_DESC)
VALUES (10, 3, 1);
INSERT INTO SIMPFD_SITUATIONS (COD_AZIMUTH, COD_SLOPE, COD_SIT_DESC)
VALUES (11, 3, 1);
INSERT INTO SIMPFD_SITUATIONS (COD_AZIMUTH, COD_SLOPE, COD_SIT_DESC)
VALUES (1, 4, 1);
INSERT INTO SIMPFD_SITUATIONS (COD_AZIMUTH, COD_SLOPE, COD_SIT_DESC)
VALUES (2, 4, 4);
INSERT INTO SIMPFD_SITUATIONS (COD_AZIMUTH, COD_SLOPE, COD_SIT_DESC)
VALUES (3, 4, 4);
INSERT INTO SIMPFD_SITUATIONS (COD_AZIMUTH, COD_SLOPE, COD_SIT_DESC)
VALUES (4, 4, 7);
INSERT INTO SIMPFD_SITUATIONS (COD_AZIMUTH, COD_SLOPE, COD_SIT_DESC)
VALUES (5, 4, 7);
INSERT INTO SIMPFD_SITUATIONS (COD_AZIMUTH, COD_SLOPE, COD_SIT_DESC)
VALUES (6, 4, 10);
INSERT INTO SIMPFD_SITUATIONS (COD_AZIMUTH, COD_SLOPE, COD_SIT_DESC)
VALUES (7, 4, 10);
INSERT INTO SIMPFD_SITUATIONS (COD_AZIMUTH, COD_SLOPE, COD_SIT_DESC)
VALUES (8, 4, 13);
INSERT INTO SIMPFD_SITUATIONS (COD_AZIMUTH, COD_SLOPE, COD_SIT_DESC)
VALUES (9, 4, 13);
INSERT INTO SIMPFD_SITUATIONS (COD_AZIMUTH, COD_SLOPE, COD_SIT_DESC)
VALUES (10, 4, 16);
INSERT INTO SIMPFD_SITUATIONS (COD_AZIMUTH, COD_SLOPE, COD_SIT_DESC)
VALUES (11, 4, 16);
INSERT INTO SIMPFD_SITUATIONS (COD_AZIMUTH, COD_SLOPE, COD_SIT_DESC)
VALUES (1, 5, 2);
INSERT INTO SIMPFD_SITUATIONS (COD_AZIMUTH, COD_SLOPE, COD_SIT_DESC)
VALUES (2, 5, 5);
INSERT INTO SIMPFD_SITUATIONS (COD_AZIMUTH, COD_SLOPE, COD_SIT_DESC)
VALUES (3, 5, 5);
INSERT INTO SIMPFD_SITUATIONS (COD_AZIMUTH, COD_SLOPE, COD_SIT_DESC)
VALUES (4, 5, 8);
INSERT INTO SIMPFD_SITUATIONS (COD_AZIMUTH, COD_SLOPE, COD_SIT_DESC)
VALUES (5, 5, 8);
INSERT INTO SIMPFD_SITUATIONS (COD_AZIMUTH, COD_SLOPE, COD_SIT_DESC)
VALUES (6, 5, 11);
INSERT INTO SIMPFD_SITUATIONS (COD_AZIMUTH, COD_SLOPE, COD_SIT_DESC)
VALUES (7, 5, 11);
INSERT INTO SIMPFD_SITUATIONS (COD_AZIMUTH, COD_SLOPE, COD_SIT_DESC)
VALUES (8, 5, 14);
INSERT INTO SIMPFD_SITUATIONS (COD_AZIMUTH, COD_SLOPE, COD_SIT_DESC)
VALUES (9, 5, 14);
INSERT INTO SIMPFD_SITUATIONS (COD_AZIMUTH, COD_SLOPE, COD_SIT_DESC)
VALUES (10, 5, 17);
INSERT INTO SIMPFD_SITUATIONS (COD_AZIMUTH, COD_SLOPE, COD_SIT_DESC)
VALUES (11, 5, 17);
INSERT INTO SIMPFD_SITUATIONS (COD_AZIMUTH, COD_SLOPE, COD_SIT_DESC)
VALUES (1, 6, 1);
INSERT INTO SIMPFD_SITUATIONS (COD_AZIMUTH, COD_SLOPE, COD_SIT_DESC)
VALUES (2, 6, 4);
INSERT INTO SIMPFD_SITUATIONS (COD_AZIMUTH, COD_SLOPE, COD_SIT_DESC)
VALUES (3, 6, 4);
INSERT INTO SIMPFD_SITUATIONS (COD_AZIMUTH, COD_SLOPE, COD_SIT_DESC)
VALUES (4, 6, 7);
INSERT INTO SIMPFD_SITUATIONS (COD_AZIMUTH, COD_SLOPE, COD_SIT_DESC)
VALUES (5, 6, 7);
INSERT INTO SIMPFD_SITUATIONS (COD_AZIMUTH, COD_SLOPE, COD_SIT_DESC)
VALUES (6, 6, 10);
INSERT INTO SIMPFD_SITUATIONS (COD_AZIMUTH, COD_SLOPE, COD_SIT_DESC)
VALUES (7, 6, 10);
INSERT INTO SIMPFD_SITUATIONS (COD_AZIMUTH, COD_SLOPE, COD_SIT_DESC)
VALUES (8, 6, 13);
INSERT INTO SIMPFD_SITUATIONS (COD_AZIMUTH, COD_SLOPE, COD_SIT_DESC)
VALUES (9, 6, 13);
INSERT INTO SIMPFD_SITUATIONS (COD_AZIMUTH, COD_SLOPE, COD_SIT_DESC)
VALUES (10, 6, 16);
INSERT INTO SIMPFD_SITUATIONS (COD_AZIMUTH, COD_SLOPE, COD_SIT_DESC)
VALUES (11, 6, 16);
INSERT INTO SIMPFD_SITUATIONS (COD_AZIMUTH, COD_SLOPE, COD_SIT_DESC)
VALUES (1, 7, 3);
INSERT INTO SIMPFD_SITUATIONS (COD_AZIMUTH, COD_SLOPE, COD_SIT_DESC)
VALUES (2, 7, 6);
INSERT INTO SIMPFD_SITUATIONS (COD_AZIMUTH, COD_SLOPE, COD_SIT_DESC)
VALUES (3, 7, 6);
INSERT INTO SIMPFD_SITUATIONS (COD_AZIMUTH, COD_SLOPE, COD_SIT_DESC)
VALUES (4, 7, 9);
INSERT INTO SIMPFD_SITUATIONS (COD_AZIMUTH, COD_SLOPE, COD_SIT_DESC)
VALUES (5, 7, 9);
INSERT INTO SIMPFD_SITUATIONS (COD_AZIMUTH, COD_SLOPE, COD_SIT_DESC)
VALUES (6, 7, 12);
INSERT INTO SIMPFD_SITUATIONS (COD_AZIMUTH, COD_SLOPE, COD_SIT_DESC)
VALUES (7, 7, 12);
INSERT INTO SIMPFD_SITUATIONS (COD_AZIMUTH, COD_SLOPE, COD_SIT_DESC)
VALUES (8, 7, 15);
INSERT INTO SIMPFD_SITUATIONS (COD_AZIMUTH, COD_SLOPE, COD_SIT_DESC)
VALUES (9, 7, 15);
INSERT INTO SIMPFD_SITUATIONS (COD_AZIMUTH, COD_SLOPE, COD_SIT_DESC)
VALUES (10, 7, 18);
INSERT INTO SIMPFD_SITUATIONS (COD_AZIMUTH, COD_SLOPE, COD_SIT_DESC)
VALUES (11, 7, 18);